[{"model": "sites.site", "pk": 1, "fields": {"domain": "example.com", "name": "example.com"}}, {"model": "contenttypes.contenttype", "pk": 1, "fields": {"model": "logentry", "app_label": "admin", "name": "log entry"}}, {"model": "contenttypes.contenttype", "pk": 2, "fields": {"model": "permission", "app_label": "auth", "name": "permission"}}, {"model": "contenttypes.contenttype", "pk": 3, "fields": {"model": "group", "app_label": "auth", "name": "group"}}, {"model": "contenttypes.contenttype", "pk": 4, "fields": {"model": "site", "app_label": "sites", "name": "site"}}, {"model": "contenttypes.contenttype", "pk": 5, "fields": {"model": "contenttype", "app_label": "contenttypes", "name": "content type"}}, {"model": "contenttypes.contenttype", "pk": 6, "fields": {"model": "session", "app_label": "sessions", "name": "session"}}, {"model": "contenttypes.contenttype", "pk": 7, "fields": {"model": "verifieduser", "app_label": "main", "name": "verified user"}}, {"model": "contenttypes.contenttype", "pk": 8, "fields": {"model": "emergencycontact", "app_label": "main", "name": "emergency contact"}}, {"model": "contenttypes.contenttype", "pk": 9, "fields": {"model": "user", "app_label": "main", "name": "user"}}, {"model": "contenttypes.contenttype", "pk": 10, "fields": {"model": "contact", "app_label": "main", "name": "contact"}}, {"model": "contenttypes.contenttype", "pk": 11, "fields": {"model": "verifiedinformation", "app_label": "main", "name": "verified information"}}, {"model": "contenttypes.contenttype", "pk": 12, "fields": {"model": "branch", "app_label": "branch", "name": "branch"}}, {"model": "contenttypes.contenttype", "pk": 13, "fields": {"model": "branchmembers", "app_label": "branch", "name": "branch members"}}, {"model": "contenttypes.contenttype", "pk": 14, "fields": {"model": "comment", "app_label": "branch", "name": "comment"}}, {"model": "contenttypes.contenttype", "pk": 15, "fields": {"model": "demand", "app_label": "branch", "name": "demand"}}, {"model": "contenttypes.contenttype", "pk": 16, "fields": {"model": "offer", "app_label": "branch", "name": "offer"}}, {"model": "contenttypes.contenttype", "pk": 17, "fields": {"model": "demandproposition", "app_label": "branch", "name": "demand proposition"}}, {"model": "contenttypes.contenttype", "pk": 18, "fields": {"model": "successdemand", "app_label": "branch", "name": "success demand"}}, {"model": "contenttypes.contenttype", "pk": 19, "fields": {"model": "news", "app_label": "news", "name": "news"}}, {"model": "contenttypes.contenttype", "pk": 20, "fields": {"model": "registrationprofile", "app_label": "registration", "name": "registration profile"}}, {"model": "contenttypes.contenttype", "pk": 21, "fields": {"model": "source", "app_label": "easy_thumbnails", "name": "source"}}, {"model": "contenttypes.contenttype", "pk": 22, "fields": {"model": "thumbnail", "app_label": "easy_thumbnails", "name": "thumbnail"}}, {"model": "contenttypes.contenttype", "pk": 23, "fields": {"model": "thumbnaildimensions", "app_label": "easy_thumbnails", "name": "thumbnail dimensions"}}, {"model": "contenttypes.contenttype", "pk": 24, "fields": {"model": "message", "app_label": "postman", "name": "message"}}, {"model": "contenttypes.contenttype", "pk": 25, "fields": {"model": "pendingmessage", "app_label": "postman", "name": "pending message"}}, {"model": "contenttypes.contenttype", "pk": 26, "fields": {"model": "emailaddress", "app_label": "account", "name": "email address"}}, {"model": "contenttypes.contenttype", "pk": 27, "fields": {"model": "emailconfirmation", "app_label": "account", "name": "email confirmation"}}, {"model": "contenttypes.contenttype", "pk": 28, "fields": {"model": "socialapp", "app_label": "socialaccount", "name": "social application"}}, {"model": "contenttypes.contenttype", "pk": 29, "fields": {"model": "socialaccount", "app_label": "socialaccount", "name": "social account"}}, {"model": "contenttypes.contenttype", "pk": 30, "fields": {"model": "socialtoken", "app_label": "socialaccount", "name": "social application token"}}, {"model": "sessions.session", "pk": "9yeswmw6zhlniylx62uki72w0ybacqo5", "fields": {"session_data": "MWE5MTc3YjFlMWU2NTRlY2FiM2Y5MzM5M2JkZTllZGFmMDYyNWEwZDp7Il9hdXRoX3VzZXJfaGFzaCI6Ijk4MmQ3YTc0MGFhZDUwNDExNTRjNTdiOGFlN2IzYjcxZmMwOTJlZDIiLCJfYXV0aF91c2VyX2lkIjoxLCJfYXV0aF91c2VyX2JhY2tlbmQiOiJkamFuZ28uY29udHJpYi5hdXRoLmJhY2tlbmRzLk1vZGVsQmFja2VuZCJ9", "expire_date": "2014-12-19T15:24:09.027Z"}}, {"model": "sessions.session", "pk": "ya7j2kecgg0x0djlvl61d1sqwii2q2e9", "fields": {"session_data": "YTZjNDFlOWNkODMxY2FjMGJkZDdjYzM2ZmRmZjhkNTNjNmZjYjYxZDp7InJvc2V0dGFfY2FjaGVfc3RvcmFnZV9rZXlfcHJlZml4IjoiMTAzNzBjNjMyOTQ4YTZhZDFiMmFkNzYzMWRkZmNjYTU1OTMwNzFlMyIsIl9hdXRoX3VzZXJfaGFzaCI6Ijk4MmQ3YTc0MGFhZDUwNDExNTRjNTdiOGFlN2IzYjcxZmMwOTJlZDIiLCJfYXV0aF91c2VyX2lkIjoxLCJfYXV0aF91c2VyX2JhY2tlbmQiOiJkamFuZ28uY29udHJpYi5hdXRoLmJhY2tlbmRzLk1vZGVsQmFja2VuZCJ9", "expire_date": "2014-12-19T16:46:26.196Z"}}, {"model": "easy_thumbnails.source", "pk": 1, "fields": {"storage_hash": "f9bde26a1556cd667f742bd34ec7c55e", "modified": "2014-12-05T16:21:18.327Z", "name": "photos/victor.jpg"}}, {"model": "easy_thumbnails.source", "pk": 2, "fields": {"storage_hash": "f9bde26a1556cd667f742bd34ec7c55e", "modified": "2014-12-05T15:29:27.409Z", "name": "photos/bap.jpg"}}, {"model": "easy_thumbnails.source", "pk": 3, "fields": {"storage_hash": "f9bde26a1556cd667f742bd34ec7c55e", "modified": "2014-12-05T15:12:48.635Z", "name": "photos/den.jpg"}}, {"model": "easy_thumbnails.source", "pk": 4, "fields": {"storage_hash": "f9bde26a1556cd667f742bd34ec7c55e", "modified": "2014-12-05T16:03:10.065Z", "name": "photos/default_avatar.png"}}, {"model": "easy_thumbnails.source", "pk": 5, "fields": {"storage_hash": "f9bde26a1556cd667f742bd34ec7c55e", "modified": "2014-12-05T15:27:41.526Z", "name": "photos/thib.jpg"}}, {"model": "easy_thumbnails.source", "pk": 6, "fields": {"storage_hash": "f9bde26a1556cd667f742bd34ec7c55e", "modified": "2014-12-05T15:40:01.430Z", "name": "photos/jerem.jpg"}}, {"model": "easy_thumbnails.source", "pk": 7, "fields": {"storage_hash": "f9bde26a1556cd667f742bd34ec7c55e", "modified": "2014-12-05T15:56:57.752Z", "name": "photos/micha.jpg"}}, {"model": "easy_thumbnails.source", "pk": 8, "fields": {"storage_hash": "f9bde26a1556cd667f742bd34ec7c55e", "modified": "2014-12-05T15:51:57.131Z", "name": "photos/arnold.jpg"}}, {"model": "easy_thumbnails.thumbnail", "pk": 1, "fields": {"source": 1, "storage_hash": "d26becbf46ac48eda79c7a39a13a02dd", "modified": "2014-12-05T15:01:20.518Z", "name": "photos/victor.jpg.60x60_q85_crop.jpg"}}, {"model": "easy_thumbnails.thumbnail", "pk": 2, "fields": {"source": 1, "storage_hash": "d26becbf46ac48eda79c7a39a13a02dd", "modified": "2014-12-05T15:01:20.754Z", "name": "photos/victor.jpg.50x50_q85_crop.jpg"}}, {"model": "easy_thumbnails.thumbnail", "pk": 3, "fields": {"source": 1, "storage_hash": "d26becbf46ac48eda79c7a39a13a02dd", "modified": "2014-12-05T15:01:30.240Z", "name": "photos/victor.jpg.20x20_q85_crop.jpg"}}, {"model": "easy_thumbnails.thumbnail", "pk": 4, "fields": {"source": 1, "storage_hash": "d26becbf46ac48eda79c7a39a13a02dd", "modified": "2014-12-05T15:05:55.051Z", "name": "photos/victor.jpg.100x100_q85_crop.jpg"}}, {"model": "easy_thumbnails.thumbnail", "pk": 5, "fields": {"source": 2, "storage_hash": "d26becbf46ac48eda79c7a39a13a02dd", "modified": "2014-12-05T15:07:02.494Z", "name": "photos/bap.jpg.60x60_q85_crop.jpg"}}, {"model": "easy_thumbnails.thumbnail", "pk": 6, "fields": {"source": 2, "storage_hash": "d26becbf46ac48eda79c7a39a13a02dd", "modified": "2014-12-05T15:07:02.729Z", "name": "photos/bap.jpg.50x50_q85_crop.jpg"}}, {"model": "easy_thumbnails.thumbnail", "pk": 7, "fields": {"source": 2, "storage_hash": "d26becbf46ac48eda79c7a39a13a02dd", "modified": "2014-12-05T15:07:07.957Z", "name": "photos/bap.jpg.20x20_q85_crop.jpg"}}, {"model": "easy_thumbnails.thumbnail", "pk": 8, "fields": {"source": 3, "storage_hash": "d26becbf46ac48eda79c7a39a13a02dd", "modified": "2014-12-05T15:11:55.877Z", "name": "photos/den.jpg.60x60_q85_crop.jpg"}}, {"model": "easy_thumbnails.thumbnail", "pk": 9, "fields": {"source": 3, "storage_hash": "d26becbf46ac48eda79c7a39a13a02dd", "modified": "2014-12-05T15:11:56.124Z", "name": "photos/den.jpg.50x50_q85_crop.jpg"}}, {"model": "easy_thumbnails.thumbnail", "pk": 10, "fields": {"source": 3, "storage_hash": "d26becbf46ac48eda79c7a39a13a02dd", "modified": "2014-12-05T15:12:48.755Z", "name": "photos/den.jpg.20x20_q85_crop.jpg"}}, {"model": "easy_thumbnails.thumbnail", "pk": 11, "fields": {"source": 4, "storage_hash": "d26becbf46ac48eda79c7a39a13a02dd", "modified": "2014-12-05T15:21:51.425Z", "name": "photos/default_avatar.png.100x100_q85_crop.png"}}, {"model": "easy_thumbnails.thumbnail", "pk": 12, "fields": {"source": 5, "storage_hash": "d26becbf46ac48eda79c7a39a13a02dd", "modified": "2014-12-05T15:23:08.675Z", "name": "photos/thib.jpg.60x60_q85_crop.jpg"}}, {"model": "easy_thumbnails.thumbnail", "pk": 13, "fields": {"source": 5, "storage_hash": "d26becbf46ac48eda79c7a39a13a02dd", "modified": "2014-12-05T15:23:08.911Z", "name": "photos/thib.jpg.50x50_q85_crop.jpg"}}, {"model": "easy_thumbnails.thumbnail", "pk": 14, "fields": {"source": 5, "storage_hash": "d26becbf46ac48eda79c7a39a13a02dd", "modified": "2014-12-05T15:23:17.497Z", "name": "photos/thib.jpg.20x20_q85_crop.jpg"}}, {"model": "easy_thumbnails.thumbnail", "pk": 15, "fields": {"source": 2, "storage_hash": "d26becbf46ac48eda79c7a39a13a02dd", "modified": "2014-12-05T15:26:41.634Z", "name": "photos/bap.jpg.35x35_q85_crop.jpg"}}, {"model": "easy_thumbnails.thumbnail", "pk": 16, "fields": {"source": 5, "storage_hash": "d26becbf46ac48eda79c7a39a13a02dd", "modified": "2014-12-05T15:27:11.358Z", "name": "photos/thib.jpg.100x100_q85_crop.jpg"}}, {"model": "easy_thumbnails.thumbnail", "pk": 17, "fields": {"source": 5, "storage_hash": "d26becbf46ac48eda79c7a39a13a02dd", "modified": "2014-12-05T15:27:41.650Z", "name": "photos/thib.jpg.35x35_q85_crop.jpg"}}, {"model": "easy_thumbnails.thumbnail", "pk": 18, "fields": {"source": 2, "storage_hash": "d26becbf46ac48eda79c7a39a13a02dd", "modified": "2014-12-05T15:29:27.512Z", "name": "photos/bap.jpg.40x40_q85_crop.jpg"}}, {"model": "easy_thumbnails.thumbnail", "pk": 19, "fields": {"source": 6, "storage_hash": "d26becbf46ac48eda79c7a39a13a02dd", "modified": "2014-12-05T15:38:58.903Z", "name": "photos/jerem.jpg.60x60_q85_crop.jpg"}}, {"model": "easy_thumbnails.thumbnail", "pk": 20, "fields": {"source": 6, "storage_hash": "d26becbf46ac48eda79c7a39a13a02dd", "modified": "2014-12-05T15:38:59.172Z", "name": "photos/jerem.jpg.50x50_q85_crop.jpg"}}, {"model": "easy_thumbnails.thumbnail", "pk": 21, "fields": {"source": 6, "storage_hash": "d26becbf46ac48eda79c7a39a13a02dd", "modified": "2014-12-05T15:39:06.036Z", "name": "photos/jerem.jpg.20x20_q85_crop.jpg"}}, {"model": "easy_thumbnails.thumbnail", "pk": 22, "fields": {"source": 6, "storage_hash": "d26becbf46ac48eda79c7a39a13a02dd", "modified": "2014-12-05T15:40:01.554Z", "name": "photos/jerem.jpg.100x100_q85_crop.jpg"}}, {"model": "easy_thumbnails.thumbnail", "pk": 23, "fields": {"source": 7, "storage_hash": "d26becbf46ac48eda79c7a39a13a02dd", "modified": "2014-12-05T15:48:12.225Z", "name": "photos/micha.jpg.60x60_q85_crop.jpg"}}, {"model": "easy_thumbnails.thumbnail", "pk": 24, "fields": {"source": 7, "storage_hash": "d26becbf46ac48eda79c7a39a13a02dd", "modified": "2014-12-05T15:48:12.471Z", "name": "photos/micha.jpg.50x50_q85_crop.jpg"}}, {"model": "easy_thumbnails.thumbnail", "pk": 25, "fields": {"source": 7, "storage_hash": "d26becbf46ac48eda79c7a39a13a02dd", "modified": "2014-12-05T15:48:18.555Z", "name": "photos/micha.jpg.20x20_q85_crop.jpg"}}, {"model": "easy_thumbnails.thumbnail", "pk": 26, "fields": {"source": 8, "storage_hash": "d26becbf46ac48eda79c7a39a13a02dd", "modified": "2014-12-05T15:51:40.142Z", "name": "photos/arnold.jpg.60x60_q85_crop.jpg"}}, {"model": "easy_thumbnails.thumbnail", "pk": 27, "fields": {"source": 8, "storage_hash": "d26becbf46ac48eda79c7a39a13a02dd", "modified": "2014-12-05T15:51:40.377Z", "name": "photos/arnold.jpg.50x50_q85_crop.jpg"}}, {"model": "easy_thumbnails.thumbnail", "pk": 28, "fields": {"source": 8, "storage_hash": "d26becbf46ac48eda79c7a39a13a02dd", "modified": "2014-12-05T15:51:46.026Z", "name": "photos/arnold.jpg.20x20_q85_crop.jpg"}}, {"model": "easy_thumbnails.thumbnail", "pk": 29, "fields": {"source": 8, "storage_hash": "d26becbf46ac48eda79c7a39a13a02dd", "modified": "2014-12-05T15:51:57.640Z", "name": "photos/arnold.jpg.100x100_q85_crop.jpg"}}, {"model": "easy_thumbnails.thumbnail", "pk": 30, "fields": {"source": 7, "storage_hash": "d26becbf46ac48eda79c7a39a13a02dd", "modified": "2014-12-05T15:56:57.860Z", "name": "photos/micha.jpg.100x100_q85_crop.jpg"}}, {"model": "easy_thumbnails.thumbnail", "pk": 31, "fields": {"source": 4, "storage_hash": "d26becbf46ac48eda79c7a39a13a02dd", "modified": "2014-12-05T16:03:10.182Z", "name": "photos/default_avatar.png.35x35_q85_crop.png"}}, {"model": "easy_thumbnails.thumbnail", "pk": 32, "fields": {"source": 1, "storage_hash": "d26becbf46ac48eda79c7a39a13a02dd", "modified": "2014-12-05T16:21:18.438Z", "name": "photos/victor.jpg.35x35_q85_crop.jpg"}}, {"model": "auth.permission", "pk": 1, "fields": {"content_type": 1, "codename": "add_logentry", "name": "Can add log entry"}}, {"model": "auth.permission", "pk": 2, "fields": {"content_type": 1, "codename": "change_logentry", "name": "Can change log entry"}}, {"model": "auth.permission", "pk": 3, "fields": {"content_type": 1, "codename": "delete_logentry", "name": "Can delete log entry"}}, {"model": "auth.permission", "pk": 4, "fields": {"content_type": 2, "codename": "add_permission", "name": "Can add permission"}}, {"model": "auth.permission", "pk": 5, "fields": {"content_type": 2, "codename": "change_permission", "name": "Can change permission"}}, {"model": "auth.permission", "pk": 6, "fields": {"content_type": 2, "codename": "delete_permission", "name": "Can delete permission"}}, {"model": "auth.permission", "pk": 7, "fields": {"content_type": 3, "codename": "add_group", "name": "Can add group"}}, {"model": "auth.permission", "pk": 8, "fields": {"content_type": 3, "codename": "change_group", "name": "Can change group"}}, {"model": "auth.permission", "pk": 9, "fields": {"content_type": 3, "codename": "delete_group", "name": "Can delete group"}}, {"model": "auth.permission", "pk": 10, "fields": {"content_type": 4, "codename": "add_site", "name": "Can add site"}}, {"model": "auth.permission", "pk": 11, "fields": {"content_type": 4, "codename": "change_site", "name": "Can change site"}}, {"model": "auth.permission", "pk": 12, "fields": {"content_type": 4, "codename": "delete_site", "name": "Can delete site"}}, {"model": "auth.permission", "pk": 13, "fields": {"content_type": 5, "codename": "add_contenttype", "name": "Can add content type"}}, {"model": "auth.permission", "pk": 14, "fields": {"content_type": 5, "codename": "change_contenttype", "name": "Can change content type"}}, {"model": "auth.permission", "pk": 15, "fields": {"content_type": 5, "codename": "delete_contenttype", "name": "Can delete content type"}}, {"model": "auth.permission", "pk": 16, "fields": {"content_type": 6, "codename": "add_session", "name": "Can add session"}}, {"model": "auth.permission", "pk": 17, "fields": {"content_type": 6, "codename": "change_session", "name": "Can change session"}}, {"model": "auth.permission", "pk": 18, "fields": {"content_type": 6, "codename": "delete_session", "name": "Can delete session"}}, {"model": "auth.permission", "pk": 19, "fields": {"content_type": 7, "codename": "add_verifieduser", "name": "Can add verified user"}}, {"model": "auth.permission", "pk": 20, "fields": {"content_type": 7, "codename": "change_verifieduser", "name": "Can change verified user"}}, {"model": "auth.permission", "pk": 21, "fields": {"content_type": 7, "codename": "delete_verifieduser", "name": "Can delete verified user"}}, {"model": "auth.permission", "pk": 22, "fields": {"content_type": 8, "codename": "add_emergencycontact", "name": "Can add emergency contact"}}, {"model": "auth.permission", "pk": 23, "fields": {"content_type": 8, "codename": "change_emergencycontact", "name": "Can change emergency contact"}}, {"model": "auth.permission", "pk": 24, "fields": {"content_type": 8, "codename": "delete_emergencycontact", "name": "Can delete emergency contact"}}, {"model": "auth.permission", "pk": 25, "fields": {"content_type": 9, "codename": "add_user", "name": "Can add user"}}, {"model": "auth.permission", "pk": 26, "fields": {"content_type": 9, "codename": "change_user", "name": "Can change user"}}, {"model": "auth.permission", "pk": 27, "fields": {"content_type": 9, "codename": "delete_user", "name": "Can delete user"}}, {"model": "auth.permission", "pk": 28, "fields": {"content_type": 10, "codename": "add_contact", "name": "Can add contact"}}, {"model": "auth.permission", "pk": 29, "fields": {"content_type": 10, "codename": "change_contact", "name": "Can change contact"}}, {"model": "auth.permission", "pk": 30, "fields": {"content_type": 10, "codename": "delete_contact", "name": "Can delete contact"}}, {"model": "auth.permission", "pk": 31, "fields": {"content_type": 11, "codename": "add_verifiedinformation", "name": "Can add verified information"}}, {"model": "auth.permission", "pk": 32, "fields": {"content_type": 11, "codename": "change_verifiedinformation", "name": "Can change verified information"}}, {"model": "auth.permission", "pk": 33, "fields": {"content_type": 11, "codename": "delete_verifiedinformation", "name": "Can delete verified information"}}, {"model": "auth.permission", "pk": 34, "fields": {"content_type": 12, "codename": "add_branch", "name": "Can add branch"}}, {"model": "auth.permission", "pk": 35, "fields": {"content_type": 12, "codename": "change_branch", "name": "Can change branch"}}, {"model": "auth.permission", "pk": 36, "fields": {"content_type": 12, "codename": "delete_branch", "name": "Can delete branch"}}, {"model": "auth.permission", "pk": 37, "fields": {"content_type": 13, "codename": "add_branchmembers", "name": "Can add branch members"}}, {"model": "auth.permission", "pk": 38, "fields": {"content_type": 13, "codename": "change_branchmembers", "name": "Can change branch members"}}, {"model": "auth.permission", "pk": 39, "fields": {"content_type": 13, "codename": "delete_branchmembers", "name": "Can delete branch members"}}, {"model": "auth.permission", "pk": 40, "fields": {"content_type": 14, "codename": "add_comment", "name": "Can add comment"}}, {"model": "auth.permission", "pk": 41, "fields": {"content_type": 14, "codename": "change_comment", "name": "Can change comment"}}, {"model": "auth.permission", "pk": 42, "fields": {"content_type": 14, "codename": "delete_comment", "name": "Can delete comment"}}, {"model": "auth.permission", "pk": 43, "fields": {"content_type": 15, "codename": "add_demand", "name": "Can add demand"}}, {"model": "auth.permission", "pk": 44, "fields": {"content_type": 15, "codename": "change_demand", "name": "Can change demand"}}, {"model": "auth.permission", "pk": 45, "fields": {"content_type": 15, "codename": "delete_demand", "name": "Can delete demand"}}, {"model": "auth.permission", "pk": 46, "fields": {"content_type": 16, "codename": "add_offer", "name": "Can add offer"}}, {"model": "auth.permission", "pk": 47, "fields": {"content_type": 16, "codename": "change_offer", "name": "Can change offer"}}, {"model": "auth.permission", "pk": 48, "fields": {"content_type": 16, "codename": "delete_offer", "name": "Can delete offer"}}, {"model": "auth.permission", "pk": 49, "fields": {"content_type": 17, "codename": "add_demandproposition", "name": "Can add demand proposition"}}, {"model": "auth.permission", "pk": 50, "fields": {"content_type": 17, "codename": "change_demandproposition", "name": "Can change demand proposition"}}, {"model": "auth.permission", "pk": 51, "fields": {"content_type": 17, "codename": "delete_demandproposition", "name": "Can delete demand proposition"}}, {"model": "auth.permission", "pk": 52, "fields": {"content_type": 18, "codename": "add_successdemand", "name": "Can add success demand"}}, {"model": "auth.permission", "pk": 53, "fields": {"content_type": 18, "codename": "change_successdemand", "name": "Can change success demand"}}, {"model": "auth.permission", "pk": 54, "fields": {"content_type": 18, "codename": "delete_successdemand", "name": "Can delete success demand"}}, {"model": "auth.permission", "pk": 55, "fields": {"content_type": 19, "codename": "add_news", "name": "Can add news"}}, {"model": "auth.permission", "pk": 56, "fields": {"content_type": 19, "codename": "change_news", "name": "Can change news"}}, {"model": "auth.permission", "pk": 57, "fields": {"content_type": 19, "codename": "delete_news", "name": "Can delete news"}}, {"model": "auth.permission", "pk": 58, "fields": {"content_type": 20, "codename": "add_registrationprofile", "name": "Can add registration profile"}}, {"model": "auth.permission", "pk": 59, "fields": {"content_type": 20, "codename": "change_registrationprofile", "name": "Can change registration profile"}}, {"model": "auth.permission", "pk": 60, "fields": {"content_type": 20, "codename": "delete_registrationprofile", "name": "Can delete registration profile"}}, {"model": "auth.permission", "pk": 61, "fields": {"content_type": 21, "codename": "add_source", "name": "Can add source"}}, {"model": "auth.permission", "pk": 62, "fields": {"content_type": 21, "codename": "change_source", "name": "Can change source"}}, {"model": "auth.permission", "pk": 63, "fields": {"content_type": 21, "codename": "delete_source", "name": "Can delete source"}}, {"model": "auth.permission", "pk": 64, "fields": {"content_type": 22, "codename": "add_thumbnail", "name": "Can add thumbnail"}}, {"model": "auth.permission", "pk": 65, "fields": {"content_type": 22, "codename": "change_thumbnail", "name": "Can change thumbnail"}}, {"model": "auth.permission", "pk": 66, "fields": {"content_type": 22, "codename": "delete_thumbnail", "name": "Can delete thumbnail"}}, {"model": "auth.permission", "pk": 67, "fields": {"content_type": 23, "codename": "add_thumbnaildimensions", "name": "Can add thumbnail dimensions"}}, {"model": "auth.permission", "pk": 68, "fields": {"content_type": 23, "codename": "change_thumbnaildimensions", "name": "Can change thumbnail dimensions"}}, {"model": "auth.permission", "pk": 69, "fields": {"content_type": 23, "codename": "delete_thumbnaildimensions", "name": "Can delete thumbnail dimensions"}}, {"model": "auth.permission", "pk": 70, "fields": {"content_type": 24, "codename": "add_message", "name": "Can add message"}}, {"model": "auth.permission", "pk": 71, "fields": {"content_type": 24, "codename": "change_message", "name": "Can change message"}}, {"model": "auth.permission", "pk": 72, "fields": {"content_type": 24, "codename": "delete_message", "name": "Can delete message"}}, {"model": "auth.permission", "pk": 73, "fields": {"content_type": 24, "codename": "add_pendingmessage", "name": "Can add pending message"}}, {"model": "auth.permission", "pk": 74, "fields": {"content_type": 24, "codename": "change_pendingmessage", "name": "Can change pending message"}}, {"model": "auth.permission", "pk": 75, "fields": {"content_type": 24, "codename": "delete_pendingmessage", "name": "Can delete pending message"}}, {"model": "auth.permission", "pk": 76, "fields": {"content_type": 26, "codename": "add_emailaddress", "name": "Can add email address"}}, {"model": "auth.permission", "pk": 77, "fields": {"content_type": 26, "codename": "change_emailaddress", "name": "Can change email address"}}, {"model": "auth.permission", "pk": 78, "fields": {"content_type": 26, "codename": "delete_emailaddress", "name": "Can delete email address"}}, {"model": "auth.permission", "pk": 79, "fields": {"content_type": 27, "codename": "add_emailconfirmation", "name": "Can add email confirmation"}}, {"model": "auth.permission", "pk": 80, "fields": {"content_type": 27, "codename": "change_emailconfirmation", "name": "Can change email confirmation"}}, {"model": "auth.permission", "pk": 81, "fields": {"content_type": 27, "codename": "delete_emailconfirmation", "name": "Can delete email confirmation"}}, {"model": "auth.permission", "pk": 82, "fields": {"content_type": 28, "codename": "add_socialapp", "name": "Can add social application"}}, {"model": "auth.permission", "pk": 83, "fields": {"content_type": 28, "codename": "change_socialapp", "name": "Can change social application"}}, {"model": "auth.permission", "pk": 84, "fields": {"content_type": 28, "codename": "delete_socialapp", "name": "Can delete social application"}}, {"model": "auth.permission", "pk": 85, "fields": {"content_type": 29, "codename": "add_socialaccount", "name": "Can add social account"}}, {"model": "auth.permission", "pk": 86, "fields": {"content_type": 29, "codename": "change_socialaccount", "name": "Can change social account"}}, {"model": "auth.permission", "pk": 87, "fields": {"content_type": 29, "codename": "delete_socialaccount", "name": "Can delete social account"}}, {"model": "auth.permission", "pk": 88, "fields": {"content_type": 30, "codename": "add_socialtoken", "name": "Can add social application token"}}, {"model": "auth.permission", "pk": 89, "fields": {"content_type": 30, "codename": "change_socialtoken", "name": "Can change social application token"}}, {"model": "auth.permission", "pk": 90, "fields": {"content_type": 30, "codename": "delete_socialtoken", "name": "Can delete social application token"}}, {"model": "main.user", "pk": 1, "fields": {"favorites": [], "date_joined": "2014-12-05T14:34:13.488Z", "email": "care4care@tycale.be", "longitude": null, "password": "pbkdf2_sha256$12000$niOa6fo2EZgm$iitHV+eSGyqK8GJQuUGmrB0pM75wNET/2curEQykE8Q=", "credit": 0, "last_login": "2014-12-05T16:46:25.885Z", "location": null, "last_name": "care4care", "is_staff": true, "latitude": null, "work_with": [], "organization": "", "groups": [], "username": "care4care", "languages": "fr,be,nl", "work": null, "mobile_number": "", "status": 1, "how_found": "internet", "is_superuser": true, "birth_date": null, "is_verified": true, "phone_number": "", "user_type": 1, "ignore_list": [], "photo": "photos/default_avatar.png", "first_name": "care4care", "is_active": true, "user_permissions": [], "personal_network": []}}, {"model": "main.user", "pk": 2, "fields": {"favorites": [], "date_joined": "2014-12-05T14:47:07.289Z", "email": "care4care@care4care.be", "longitude": "", "password": "pbkdf2_sha256$12000$xt49VRPAr20U$ns0ijIH6i87FcVomhzRsayK2EvduYK3nXyc7tNRI0cY=", "credit": 0, "last_login": "2014-12-05T16:07:03.415Z", "location": "", "last_name": "Velghe", "is_staff": false, "latitude": "", "work_with": [], "organization": "", "groups": [], "username": "vvelghe", "languages": null, "work": null, "mobile_number": "012345678", "status": 1, "how_found": "friends", "is_superuser": false, "birth_date": "1992-10-10", "is_verified": false, "phone_number": "012345678", "user_type": 1, "ignore_list": [], "photo": "photos/victor.jpg", "first_name": "Victor", "is_active": true, "user_permissions": [], "personal_network": []}}, {"model": "main.user", "pk": 3, "fields": {"favorites": [], "date_joined": "2014-12-05T14:48:21.381Z", "email": "care4care@care4care.be", "longitude": "", "password": "pbkdf2_sha256$12000$hmG5xhshHNTi$u+5qq0dseUhtfLx9dc1YuxfOeTJrXhgOrIbXnMWPF4s=", "credit": 0, "last_login": "2014-12-05T16:17:58.733Z", "location": "", "last_name": "Lacasse", "is_staff": false, "latitude": "", "work_with": [], "organization": "", "groups": [], "username": "blacasse", "languages": null, "work": null, "mobile_number": "012345678", "status": 1, "how_found": "internet,show", "is_superuser": false, "birth_date": "1992-07-18", "is_verified": false, "phone_number": "012345678", "user_type": 1, "ignore_list": [], "photo": "photos/bap.jpg", "first_name": "Baptiste", "is_active": true, "user_permissions": [], "personal_network": []}}, {"model": "main.user", "pk": 4, "fields": {"favorites": [], "date_joined": "2014-12-05T14:50:59.945Z", "email": "care4care@care4care.be", "longitude": "", "password": "pbkdf2_sha256$12000$TLSwaN3mIsEa$GGSe0/CSpDaKIQIYVqkbUvkzVz/UWTWCegLSvyUcThE=", "credit": 0, "last_login": "2014-12-05T16:15:02.247Z", "location": "", "last_name": "G\u00e9rondal", "is_staff": false, "latitude": "", "work_with": [], "organization": "", "groups": [], "username": "tgerondal", "languages": null, "work": "", "mobile_number": "012345678", "status": 1, "how_found": "show,friends", "is_superuser": false, "birth_date": "1992-06-15", "is_verified": true, "phone_number": "012345678", "user_type": 3, "ignore_list": [], "photo": "photos/thib.jpg", "first_name": "Thibault", "is_active": true, "user_permissions": [], "personal_network": []}}, {"model": "main.user", "pk": 5, "fields": {"favorites": [9], "date_joined": "2014-12-05T14:52:56.939Z", "email": "care4care@care4care.be", "longitude": "", "password": "pbkdf2_sha256$12000$HJKU8Oxxwubo$eH+Spsklw5Yutx8IuHlVsHgXP4RGk5PDNStms2c0+Sc=", "credit": 0, "last_login": "2014-12-05T16:02:50.216Z", "location": "", "last_name": "Heraly", "is_staff": false, "latitude": "", "work_with": [], "organization": "", "groups": [], "username": "mheraly", "languages": null, "work": null, "mobile_number": "012345678", "status": 1, "how_found": "branch,member", "is_superuser": false, "birth_date": "1992-11-12", "is_verified": false, "phone_number": "012345678", "user_type": 1, "ignore_list": [], "photo": "photos/micha.jpg", "first_name": "Michael", "is_active": true, "user_permissions": [], "personal_network": [9]}}, {"model": "main.user", "pk": 6, "fields": {"favorites": [], "date_joined": "2014-12-05T14:54:11.005Z", "email": "care4care@care4care.be", "longitude": "", "password": "pbkdf2_sha256$12000$2awnGAuyh426$PN1FKVzrrAazq2TpibPjTB22TlGPMa6pguHPluSe4/o=", "credit": 0, "last_login": "2014-12-05T16:19:45.658Z", "location": "", "last_name": "Genon", "is_staff": false, "latitude": "", "work_with": [], "organization": "", "groups": [], "username": "dgenon", "languages": null, "work": null, "mobile_number": "012345678", "status": 1, "how_found": "internet", "is_superuser": false, "birth_date": "1992-09-17", "is_verified": false, "phone_number": "012345678", "user_type": 1, "ignore_list": [], "photo": "photos/den.jpg", "first_name": "Denis", "is_active": true, "user_permissions": [], "personal_network": []}}, {"model": "main.user", "pk": 7, "fields": {"favorites": [2, 8], "date_joined": "2014-12-05T14:55:06.421Z", "email": "care4care@care4care.be", "longitude": "", "password": "pbkdf2_sha256$12000$wARSDGid1pbn$R08Vk7cwRKOgjQBIl4sCre2Uqgk+1IrBakBsAj4MZZE=", "credit": 0, "last_login": "2014-12-05T16:26:48.107Z", "location": "", "last_name": "Vanhee", "is_staff": false, "latitude": "", "work_with": [], "organization": "", "groups": [], "username": "jvanhee", "languages": null, "work": null, "mobile_number": "012345678", "status": 1, "how_found": "member", "is_superuser": false, "birth_date": "1992-05-19", "is_verified": false, "phone_number": "012345678", "user_type": 1, "ignore_list": [], "photo": "photos/jerem.jpg", "first_name": "J\u00e9r\u00e9my", "is_active": true, "user_permissions": [], "personal_network": [9]}}, {"model": "main.user", "pk": 8, "fields": {"favorites": [], "date_joined": "2014-12-05T14:55:53.790Z", "email": "care4care@care4care.be", "longitude": "", "password": "pbkdf2_sha256$12000$Fk0BnDc7O7aV$4cUEz/YfPhPHu07FfbYL00t8Bs3KwybCxaHkUT0Ffk8=", "credit": 0, "last_login": "2014-12-05T16:26:04.132Z", "location": "", "last_name": "Moyaux", "is_staff": false, "latitude": "", "work_with": [], "organization": "", "groups": [], "username": "amoyaux", "languages": null, "work": null, "mobile_number": "012345678", "status": 1, "how_found": "other", "is_superuser": false, "birth_date": "1992-05-09", "is_verified": false, "phone_number": "012345678", "user_type": 1, "ignore_list": [], "photo": "photos/arnold.jpg", "first_name": "Arnold", "is_active": true, "user_permissions": [], "personal_network": [2, 9]}}, {"model": "main.user", "pk": 9, "fields": {"favorites": [], "date_joined": "2014-12-05T14:56:39.404Z", "email": "care4care@care4care.be", "longitude": null, "password": "pbkdf2_sha256$12000$oZOws08tZOO0$e1ACizxKxcR5YCengvkqZbizB9y0kE5lYblqkRCrXVA=", "credit": 0, "last_login": "2014-12-05T15:42:33.302Z", "location": null, "last_name": "Paulus", "is_staff": false, "latitude": null, "work_with": [], "organization": "", "groups": [], "username": "apaulus", "languages": null, "work": null, "mobile_number": "012345678", "status": 1, "how_found": "member", "is_superuser": false, "birth_date": "1992-12-17", "is_verified": false, "phone_number": "012345678", "user_type": 2, "ignore_list": [], "photo": "photos/default_avatar.png", "first_name": "Alois", "is_active": true, "user_permissions": [], "personal_network": [2]}}, {"model": "branch.branch", "pk": 1, "fields": {"location": "Namur, Belgium", "latitude": "50.4673883", "banned": [], "longitude": "4.871985399999971", "creator": 1, "slug": "namur", "name": "Namur"}}, {"model": "branch.branch", "pk": 2, "fields": {"location": "Antwerp, Belgium", "latitude": "51.2194475", "banned": [], "longitude": "4.40246430000002", "creator": 1, "slug": "anvers", "name": "Anvers"}}, {"model": "branch.branch", "pk": 3, "fields": {"location": "Gand, Belgium", "latitude": "51.0543422", "banned": [], "longitude": "3.717424299999948", "creator": 1, "slug": "gand", "name": "Gand"}}, {"model": "branch.branch", "pk": 4, "fields": {"location": "Charleroi, Belgium", "latitude": "50.4108095", "banned": [], "longitude": "4.444643000000042", "creator": 1, "slug": "charleroi", "name": "Charleroi"}}, {"model": "branch.branch", "pk": 5, "fields": {"location": "Li\u00e8ge, Belgium", "latitude": "50.6325574", "banned": [], "longitude": "5.57966620000002", "creator": 1, "slug": "liege", "name": "Li\u00e8ge"}}, {"model": "branch.branch", "pk": 6, "fields": {"location": "Brussels, Belgium", "latitude": "50.8503396", "banned": [5], "longitude": "4.351710300000036", "creator": 1, "slug": "bruxelles", "name": "Bruxelles"}}, {"model": "branch.branch", "pk": 7, "fields": {"location": "Bruges, Belgium", "latitude": "51.209348", "banned": [], "longitude": "3.2246995000000425", "creator": 1, "slug": "bruges", "name": "Bruges"}}, {"model": "branch.branch", "pk": 8, "fields": {"location": "Mons, Belgium", "latitude": "50.4542408", "banned": [], "longitude": "3.956658999999945", "creator": 1, "slug": "mons", "name": "Mons"}}, {"model": "branch.branchmembers", "pk": 1, "fields": {"is_admin": true, "joined": "2014-12-05T14:41:27.012Z", "branch": 1, "user": 1}}, {"model": "branch.branchmembers", "pk": 2, "fields": {"is_admin": true, "joined": "2014-12-05T14:42:06.793Z", "branch": 2, "user": 1}}, {"model": "branch.branchmembers", "pk": 3, "fields": {"is_admin": true, "joined": "2014-12-05T14:42:43.970Z", "branch": 3, "user": 1}}, {"model": "branch.branchmembers", "pk": 4, "fields": {"is_admin": true, "joined": "2014-12-05T14:42:59.013Z", "branch": 4, "user": 1}}, {"model": "branch.branchmembers", "pk": 5, "fields": {"is_admin": true, "joined": "2014-12-05T14:43:16.231Z", "branch": 5, "user": 1}}, {"model": "branch.branchmembers", "pk": 6, "fields": {"is_admin": true, "joined": "2014-12-05T14:43:35.384Z", "branch": 6, "user": 1}}, {"model": "branch.branchmembers", "pk": 7, "fields": {"is_admin": true, "joined": "2014-12-05T14:44:08.630Z", "branch": 7, "user": 1}}, {"model": "branch.branchmembers", "pk": 8, "fields": {"is_admin": true, "joined": "2014-12-05T14:44:28.657Z", "branch": 8, "user": 1}}, {"model": "branch.branchmembers", "pk": 9, "fields": {"is_admin": true, "joined": "2014-12-05T14:59:11.294Z", "branch": 6, "user": 2}}, {"model": "branch.branchmembers", "pk": 10, "fields": {"is_admin": false, "joined": "2014-12-05T15:06:44.081Z", "branch": 6, "user": 3}}, {"model": "branch.branchmembers", "pk": 11, "fields": {"is_admin": false, "joined": "2014-12-05T15:11:41.217Z", "branch": 6, "user": 6}}, {"model": "branch.branchmembers", "pk": 12, "fields": {"is_admin": false, "joined": "2014-12-05T15:20:42.549Z", "branch": 6, "user": 4}}, {"model": "branch.branchmembers", "pk": 13, "fields": {"is_admin": false, "joined": "2014-12-05T15:31:23.623Z", "branch": 6, "user": 7}}, {"model": "branch.branchmembers", "pk": 15, "fields": {"is_admin": false, "joined": "2014-12-05T15:50:06.407Z", "branch": 6, "user": 8}}, {"model": "branch.demand", "pk": 2, "fields": {"donor": null, "category": "8", "receiver": 2, "longitude": "4.3748491999999715", "closed": false, "title": "Walk my dog", "real_time": 30, "time": "1", "receive_help_from_who": 5, "success_fill": false, "location": "Rue de la Loi, Brussels, Belgium", "km": null, "latitude": "50.844269", "description": "", "date": "2014-12-30T00:00:00Z", "branch": 6, "success": null, "estimated_time": 30}}, {"model": "branch.demand", "pk": 3, "fields": {"donor": 3, "category": "7", "receiver": 4, "longitude": "4.463433099999975", "closed": true, "title": "Mow my lawn", "real_time": 60, "time": "4", "receive_help_from_who": 5, "success_fill": false, "location": "Rue de l'Eglise, Woluwe-Saint-Pierre, Bruxelles, Belgium", "km": 0, "latitude": "50.8407211", "description": "", "date": "2014-12-27T00:00:00Z", "branch": 6, "success": null, "estimated_time": 60}}, {"model": "branch.demand", "pk": 4, "fields": {"donor": null, "category": "6", "receiver": 7, "longitude": "4.363576800000033", "closed": false, "title": "Repair my dishwasher", "real_time": 90, "time": "2,3,4,5", "receive_help_from_who": 6, "success_fill": false, "location": "Rue du Chemin de Fer, Saint-Josse-ten-Noode, Bruxelles, Belgium", "km": null, "latitude": "50.8558804", "description": "", "date": "2014-12-28T00:00:00Z", "branch": 6, "success": null, "estimated_time": 90}}, {"model": "branch.demand", "pk": 5, "fields": {"donor": null, "category": "4", "receiver": 7, "longitude": "", "closed": false, "title": "My shopping", "real_time": 90, "time": "1,2,3,4,5", "receive_help_from_who": 5, "success_fill": false, "location": "", "km": null, "latitude": "", "description": "", "date": "2014-12-25T00:00:00Z", "branch": 6, "success": null, "estimated_time": 90}}, {"model": "branch.demand", "pk": 6, "fields": {"donor": null, "category": "3", "receiver": 5, "longitude": "4.432088300000032", "closed": false, "title": "Go to the doctor", "real_time": 60, "time": "2", "receive_help_from_who": 5, "success_fill": false, "location": "Woluwe-Saint-Lambert, Belgium", "km": null, "latitude": "50.8489094", "description": "", "date": "2014-12-25T00:00:00Z", "branch": 6, "success": null, "estimated_time": 60}}, {"model": "branch.demand", "pk": 7, "fields": {"donor": null, "category": "b", "receiver": 8, "longitude": "4.38252209999996", "closed": false, "title": "Classify  my papers", "real_time": 120, "time": "2,3,4,5,6", "receive_help_from_who": 5, "success_fill": false, "location": "Rue Froissart, Bruxelles, Belgium", "km": null, "latitude": "50.839876", "description": "", "date": "2014-12-25T00:00:00Z", "branch": 6, "success": null, "estimated_time": 120}}, {"model": "branch.offer", "pk": 1, "fields": {"donor": 3, "branch": 6, "receiver": null, "description": null, "date": "2014-12-27T00:00:00Z", "category": "1,2,3,4,5,6,7,8,9,a,b", "time": "1,2,3,5,6,7,8", "receive_help_from_who": 5}}, {"model": "branch.demandproposition", "pk": 1, "fields": {"km": 0, "created": "2014-12-05T15:29:32.312Z", "comment": "", "accepted": true, "user": 3, "time": "4", "demand": 3}}, {"model": "branch.demandproposition", "pk": 2, "fields": {"km": 0, "created": "2014-12-05T15:31:51.741Z", "comment": "", "accepted": false, "user": 7, "time": "1", "demand": 2}}, {"model": "branch.demandproposition", "pk": 3, "fields": {"km": 0, "created": "2014-12-05T15:56:02.805Z", "comment": "", "accepted": false, "user": 6, "time": "1", "demand": 2}}, {"model": "registration.registrationprofile", "pk": 1, "fields": {"activation_key": "ALREADY_ACTIVATED", "user": 2}}, {"model": "registration.registrationprofile", "pk": 2, "fields": {"activation_key": "ALREADY_ACTIVATED", "user": 3}}, {"model": "registration.registrationprofile", "pk": 3, "fields": {"activation_key": "ALREADY_ACTIVATED", "user": 4}}, {"model": "registration.registrationprofile", "pk": 4, "fields": {"activation_key": "ALREADY_ACTIVATED", "user": 5}}, {"model": "registration.registrationprofile", "pk": 5, "fields": {"activation_key": "ALREADY_ACTIVATED", "user": 6}}, {"model": "registration.registrationprofile", "pk": 6, "fields": {"activation_key": "ALREADY_ACTIVATED", "user": 7}}, {"model": "registration.registrationprofile", "pk": 7, "fields": {"activation_key": "ALREADY_ACTIVATED", "user": 8}}, {"model": "registration.registrationprofile", "pk": 8, "fields": {"activation_key": "ALREADY_ACTIVATED", "user": 9}}, {"model": "postman.message", "pk": 1, "fields": {"thread": null, "sent_at": "2014-12-05T15:17:52.897Z", "moderation_status": "a", "recipient_deleted_at": null, "recipient": 6, "moderation_by": null, "email": "", "recipient_archived": false, "moderation_date": "2014-12-05T15:17:52.897Z", "sender_archived": false, "sender": 2, "read_at": "2014-12-05T16:21:18.179Z", "moderation_reason": "", "subject": "A match was found!", "sender_deleted_at": null, "replied_at": null, "parent": null, "body": "We found a demand which correspond to your offer of help!\nThis demand of help has been made by the user Victor Velghe (vvelghe) with the title Walk my dog .\nYou can review the demand and offer you as volunteer at this link:\n/branch/b/6/bruxelles/jobs/demand/2/\nIf you decide to offer your help for this demand, and your offer of help is no longer valid, you may cancel your offer of help through the home page of your branch or the home page of the site."}}, {"model": "postman.message", "pk": 2, "fields": {"thread": null, "sent_at": "2014-12-05T15:17:53.016Z", "moderation_status": "a", "recipient_deleted_at": null, "recipient": 2, "moderation_by": null, "email": "", "recipient_archived": false, "moderation_date": "2014-12-05T15:17:53.016Z", "sender_archived": false, "sender": 6, "read_at": null, "moderation_reason": "", "subject": "A match was found!", "sender_deleted_at": null, "replied_at": null, "parent": null, "body": "We found an offer corresponding to your demand of help!\nThis offer of help was made by the user Denis Genon (dgenon) and corresponds to your demand Walk my dog.\nAn automatic message was sent to Denis Genon (dgenon) to inform him of this correspondence and it should offer themself as volunteers to your demand shortly."}}, {"model": "postman.message", "pk": 3, "fields": {"thread": null, "sent_at": "2014-12-05T15:21:50.965Z", "moderation_status": "a", "recipient_deleted_at": null, "recipient": 3, "moderation_by": null, "email": "", "recipient_archived": true, "moderation_date": "2014-12-05T15:21:50.965Z", "sender_archived": false, "sender": 4, "read_at": "2014-12-05T15:27:41.326Z", "moderation_reason": "", "subject": "A match was found!", "sender_deleted_at": null, "replied_at": null, "parent": null, "body": "We found a demand which correspond to your offer of help!\nThis demand of help has been made by the user Thibault G\u00e9rondal (tgerondal) with the title Mow my lawn .\nYou can review the demand and offer you as volunteer at this link:\n/branch/b/6/bruxelles/jobs/demand/3/\nIf you decide to offer your help for this demand, and your offer of help is no longer valid, you may cancel your offer of help through the home page of your branch or the home page of the site."}}, {"model": "postman.message", "pk": 4, "fields": {"thread": null, "sent_at": "2014-12-05T15:21:51.105Z", "moderation_status": "a", "recipient_deleted_at": null, "recipient": 4, "moderation_by": null, "email": "", "recipient_archived": false, "moderation_date": "2014-12-05T15:21:51.106Z", "sender_archived": false, "sender": 3, "read_at": "2014-12-05T15:26:41.346Z", "moderation_reason": "", "subject": "A match was found!", "sender_deleted_at": null, "replied_at": null, "parent": null, "body": "We found an offer corresponding to your demand of help!\nThis offer of help was made by the user Baptiste Lacasse (blacasse) and corresponds to your demand Mow my lawn.\nAn automatic message was sent to Baptiste Lacasse (blacasse) to inform him of this correspondence and it should offer themself as volunteers to your demand shortly."}}, {"model": "postman.message", "pk": 5, "fields": {"thread": null, "sent_at": "2014-12-05T15:28:22.712Z", "moderation_status": "a", "recipient_deleted_at": null, "recipient": 4, "moderation_by": null, "email": "", "recipient_archived": false, "moderation_date": "2014-12-05T15:28:22.712Z", "sender_archived": false, "sender": 3, "read_at": "2014-12-05T15:29:08.576Z", "moderation_reason": "", "subject": "Baptiste Lacasse offers his help for 'Mow my lawn'", "sender_deleted_at": null, "replied_at": null, "parent": null, "body": "Baptiste Lacasse offers his help for 'Mow my lawn'\n\nComments \nDistance from home :0\nHours chosen :Early afternoon (13h-16h)\n\nYou can accept the help offering by consulting your demand :\nhttp://127.0.0.1:8000/branch/b/6/bruxelles/jobs/demand/3/"}}, {"model": "postman.message", "pk": 6, "fields": {"thread": null, "sent_at": "2014-12-05T15:29:32.424Z", "moderation_status": "a", "recipient_deleted_at": null, "recipient": 3, "moderation_by": null, "email": "", "recipient_archived": false, "moderation_date": "2014-12-05T15:29:32.425Z", "sender_archived": false, "sender": 4, "read_at": null, "moderation_reason": "", "subject": "I chose you for 'Mow my lawn'", "sender_deleted_at": null, "replied_at": null, "parent": null, "body": "I chose you to do 'Mow my lawn'\n\nPlace :Rue de l'Eglise, Woluwe-Saint-Pierre, Bruxelles, Belgium\nDate :Dec. 27, 2014\nDesired hours :Early afternoon (13h-16h)\nDescription :\n\nFeel free to contact me for more informations\nSee you soon,\nThibault"}}, {"model": "postman.message", "pk": 7, "fields": {"thread": null, "sent_at": "2014-12-05T15:31:51.857Z", "moderation_status": "a", "recipient_deleted_at": null, "recipient": 2, "moderation_by": null, "email": "", "recipient_archived": false, "moderation_date": "2014-12-05T15:31:51.858Z", "sender_archived": false, "sender": 7, "read_at": null, "moderation_reason": "", "subject": "J\u00e9r\u00e9my Vanhee offers his help for 'Walk my dog'", "sender_deleted_at": null, "replied_at": null, "parent": null, "body": "J\u00e9r\u00e9my Vanhee offers his help for 'Walk my dog'\n\nComments \nDistance from home :0\nHours chosen :Early morning (8h-10h)\n\nYou can accept the help offering by consulting your demand :\nhttp://127.0.0.1:8000/branch/b/6/bruxelles/jobs/demand/2/"}}, {"model": "postman.message", "pk": 8, "fields": {"thread": null, "sent_at": "2014-12-05T15:56:02.972Z", "moderation_status": "a", "recipient_deleted_at": null, "recipient": 2, "moderation_by": null, "email": "", "recipient_archived": false, "moderation_date": "2014-12-05T15:56:02.972Z", "sender_archived": false, "sender": 6, "read_at": null, "moderation_reason": "", "subject": "Denis Genon offers his help for 'Walk my dog'", "sender_deleted_at": null, "replied_at": null, "parent": null, "body": "Denis Genon offers his help for 'Walk my dog'\n\nComments \nDistance from home :0\nHours chosen :Early morning (8h-10h)\n\nYou can accept the help offering by consulting your demand :\nhttp://127.0.0.1:8000/branch/b/6/bruxelles/jobs/demand/2/"}}, {"model": "postman.message", "pk": 9, "fields": {"thread": null, "sent_at": "2014-12-05T15:58:03.812Z", "moderation_status": "a", "recipient_deleted_at": null, "recipient": 5, "moderation_by": null, "email": "", "recipient_archived": false, "moderation_date": "2014-12-05T15:58:03.812Z", "sender_archived": false, "sender": 1, "read_at": "2014-12-05T16:03:09.893Z", "moderation_reason": "", "subject": "Bannissement de la branche Bruxelles", "sender_deleted_at": null, "replied_at": null, "parent": null, "body": "Vous avez \u00e9t\u00e9 banni de la branche Bruxelles. Vous ne pouvez \u00e0 pr\u00e9sent plus rejoindre cette branche. Pour plus d'informations, contactez un adminstrateur ou l'officier en charge de la branche en question"}}, {"model": "main.verifieduser", "pk": 1, "fields": {"facebook": "", "offered_job": null, "additional_info": "", "receive_help_from_who": 5, "personal_network": [], "mail_preferences": 1, "favorites": [], "have_car": false, "work_with": [], "ignore_list": [], "hobbies": "", "can_wheelchair": false, "drive_license": null}}, {"model": "main.verifieduser", "pk": 2, "fields": {"facebook": "", "offered_job": null, "additional_info": "", "receive_help_from_who": 5, "personal_network": [], "mail_preferences": 1, "favorites": [], "have_car": false, "work_with": [], "ignore_list": [], "hobbies": "", "can_wheelchair": false, "drive_license": null}}, {"model": "main.verifieduser", "pk": 3, "fields": {"facebook": "", "offered_job": null, "additional_info": "", "receive_help_from_who": 5, "personal_network": [], "mail_preferences": 1, "favorites": [], "have_car": false, "work_with": [], "ignore_list": [], "hobbies": "", "can_wheelchair": false, "drive_license": null}}, {"model": "main.verifieduser", "pk": 4, "fields": {"facebook": "", "offered_job": null, "additional_info": "", "receive_help_from_who": 5, "personal_network": [], "mail_preferences": 1, "favorites": [], "have_car": true, "work_with": [], "ignore_list": [], "hobbies": "", "can_wheelchair": true, "drive_license": "3"}}, {"model": "main.verifieduser", "pk": 5, "fields": {"facebook": "", "offered_job": null, "additional_info": "", "receive_help_from_who": 5, "personal_network": [9], "mail_preferences": 1, "favorites": [9], "have_car": false, "work_with": [], "ignore_list": [], "hobbies": "", "can_wheelchair": false, "drive_license": null}}, {"model": "main.verifieduser", "pk": 6, "fields": {"facebook": "", "offered_job": null, "additional_info": "", "receive_help_from_who": 5, "personal_network": [], "mail_preferences": 1, "favorites": [], "have_car": false, "work_with": [], "ignore_list": [], "hobbies": "", "can_wheelchair": false, "drive_license": null}}, {"model": "main.verifieduser", "pk": 7, "fields": {"facebook": "", "offered_job": null, "additional_info": "", "receive_help_from_who": 5, "personal_network": [9], "mail_preferences": 1, "favorites": [2, 8], "have_car": false, "work_with": [], "ignore_list": [], "hobbies": "", "can_wheelchair": false, "drive_license": null}}, {"model": "main.verifieduser", "pk": 8, "fields": {"facebook": "", "offered_job": null, "additional_info": "", "receive_help_from_who": 5, "personal_network": [2, 9], "mail_preferences": 1, "favorites": [], "have_car": false, "work_with": [], "ignore_list": [], "hobbies": "", "can_wheelchair": false, "drive_license": null}}, {"model": "main.verifieduser", "pk": 9, "fields": {"facebook": "", "offered_job": null, "additional_info": "", "receive_help_from_who": 5, "personal_network": [2], "mail_preferences": 1, "favorites": [], "have_car": false, "work_with": [], "ignore_list": [], "hobbies": "", "can_wheelchair": false, "drive_license": null}}, {"model": "admin.logentry", "pk": 1, "fields": {"user": 1, "change_message": "Changed have_car, can_wheelchair, drive_license and is_verified.", "action_flag": 2, "object_repr": "tgerondal", "content_type": 9, "object_id": "4", "action_time": "2014-12-05T15:26:18.622Z"}}]
